user_id,Recency,Frequency,MonetaryValue,R_Quartile,F_Quartile,M_Quartile,RFMClass,RFM_Score,Customer Segment
0,2,272,64390,3,4,4,344,11,Most Loyal Customer
1,1,62,14770,4,2,2,422,8,Loyal Customers
2,1,54,12910,4,2,2,422,8,Loyal Customers
3,18,24,5520,1,1,1,111,3,Lost Customers
4,2,175,41690,3,4,4,344,11,Most Loyal Customer
5,1,211,50110,4,4,4,444,12,Most Loyal Customer
6,1,403,95870,4,4,4,444,12,Most Loyal Customer
7,1,59,14450,4,2,2,422,8,Loyal Customers
8,18,22,5440,1,1,1,111,3,Lost Customers
9,4,184,43710,2,4,4,244,10,Most Loyal Customer
10,4,181,43270,2,4,4,244,10,Most Loyal Customer
11,16,51,11960,1,2,2,122,5,Attention Needed Customers
12,1,636,151400,4,4,4,444,12,Most Loyal Customer
13,3,98,23050,3,3,3,333,9,Most Loyal Customer
14,7,104,24970,2,3,3,233,8,Loyal Customers
15,3,140,33690,3,3,3,333,9,Most Loyal Customer
16,14,28,6460,1,1,1,111,3,Lost Customers
17,1,277,65440,4,4,4,444,12,Most Loyal Customer
18,2,20,5030,3,1,1,311,5,Potential Loyalists Customers
19,1,48,10840,4,2,2,422,8,Loyal Customers
20,3,179,42110,3,4,4,344,11,Most Loyal Customer
21,1,128,31310,4,3,3,433,10,Most Loyal Customer
22,1,151,36340,4,4,4,444,12,Most Loyal Customer
23,1,68,16730,4,3,3,433,10,Most Loyal Customer
24,22,78,18670,1,3,3,133,7,Potential Loyalists Customers
25,1,107,25250,4,3,3,433,10,Most Loyal Customer
26,45,25,6020,1,1,1,111,3,Lost Customers
27,3,79,19060,3,3,3,333,9,Most Loyal Customer
28,5,34,7950,2,2,2,222,6,Loyal Customers
29,15,43,9980,1,2,2,122,5,Attention Needed Customers
30,14,36,8440,1,2,2,122,5,Attention Needed Customers
31,3,41,10320,3,2,2,322,7,Loyal Customers
32,15,24,5750,1,1,1,111,3,Lost Customers
33,35,20,4590,1,1,1,111,3,Lost Customers
34,14,25,5540,1,1,1,111,3,Lost Customers
35,1,20,4970,4,1,1,411,6,Potential Loyalists Customers
36,4,57,13930,2,2,2,222,6,Loyal Customers
37,7,121,29400,2,3,3,233,8,Loyal Customers
38,4,22,5420,2,1,1,211,4,Lost Customers
39,13,35,8510,1,2,2,122,5,Attention Needed Customers
40,3,52,12350,3,2,2,322,7,Loyal Customers
41,1,183,44230,4,4,4,444,12,Most Loyal Customer
42,1,221,52960,4,4,4,444,12,Most Loyal Customer
43,1,151,36290,4,4,4,444,12,Most Loyal Customer
44,2,48,12070,3,2,2,322,7,Loyal Customers
45,40,27,6650,1,1,1,111,3,Lost Customers
46,1,25,5870,4,1,1,411,6,Potential Loyalists Customers
47,16,66,16880,1,3,3,133,7,Potential Loyalists Customers
48,2,215,52130,3,4,4,344,11,Most Loyal Customer
49,7,24,5580,2,1,1,211,4,Lost Customers
50,11,23,5430,1,1,1,111,3,Lost Customers
51,3,56,13870,3,2,2,322,7,Loyal Customers
52,1,28,6730,4,1,1,411,6,Potential Loyalists Customers
53,1,65,16050,4,2,3,423,9,Most Loyal Customer
54,4,21,4710,2,1,1,211,4,Lost Customers
55,1,187,44530,4,4,4,444,12,Most Loyal Customer
56,1,106,25700,4,3,3,433,10,Most Loyal Customer
57,1,154,36470,4,4,4,444,12,Most Loyal Customer
58,1,382,92810,4,4,4,444,12,Most Loyal Customer
59,1,208,50250,4,4,4,444,12,Most Loyal Customer
60,52,21,5570,1,1,1,111,3,Lost Customers
61,1,232,55680,4,4,4,444,12,Most Loyal Customer
62,5,93,22250,2,3,3,233,8,Loyal Customers
63,3,200,48520,3,4,4,344,11,Most Loyal Customer
64,3,80,19270,3,3,3,333,9,Most Loyal Customer
65,21,38,9180,1,2,2,122,5,Attention Needed Customers
66,1,30,6730,4,1,1,411,6,Potential Loyalists Customers
67,13,34,7860,1,2,2,122,5,Attention Needed Customers
68,6,65,15860,2,2,3,223,7,Loyal Customers
69,3,131,31710,3,3,3,333,9,Most Loyal Customer
70,3,38,8960,3,2,2,322,7,Loyal Customers
71,1,137,32390,4,3,3,433,10,Most Loyal Customer
72,2,66,16230,3,3,3,333,9,Most Loyal Customer
73,5,39,9630,2,2,2,222,6,Loyal Customers
74,7,79,18610,2,3,3,233,8,Loyal Customers
75,5,82,19170,2,3,3,233,8,Loyal Customers
76,2,72,17530,3,3,3,333,9,Most Loyal Customer
77,27,21,5140,1,1,1,111,3,Lost Customers
78,4,55,13800,2,2,2,222,6,Loyal Customers
79,25,29,6420,1,1,1,111,3,Lost Customers
80,6,58,13490,2,2,2,222,6,Loyal Customers
81,2,168,40720,3,4,4,344,11,Most Loyal Customer
82,1,155,36470,4,4,4,444,12,Most Loyal Customer
83,1,68,16000,4,3,3,433,10,Most Loyal Customer
84,1,288,68420,4,4,4,444,12,Most Loyal Customer
85,18,23,5340,1,1,1,111,3,Lost Customers
86,1,211,51080,4,4,4,444,12,Most Loyal Customer
87,1,21,4890,4,1,1,411,6,Potential Loyalists Customers
88,8,76,17650,2,3,3,233,8,Loyal Customers
89,1,300,71740,4,4,4,444,12,Most Loyal Customer
90,8,98,22790,2,3,3,233,8,Loyal Customers
91,1,388,92720,4,4,4,444,12,Most Loyal Customer
92,7,20,4710,2,1,1,211,4,Lost Customers
93,1,400,97310,4,4,4,444,12,Most Loyal Customer
94,4,278,66940,2,4,4,244,10,Most Loyal Customer
95,3,56,13540,3,2,2,322,7,Loyal Customers
96,2,63,15280,3,2,2,322,7,Loyal Customers
97,8,27,7020,2,1,1,211,4,Lost Customers
98,1,136,32600,4,3,3,433,10,Most Loyal Customer
99,8,59,14600,2,2,2,222,6,Loyal Customers
100,3,67,14970,3,3,2,332,8,Loyal Customers
101,1,216,52430,4,4,4,444,12,Most Loyal Customer
102,11,29,7160,1,1,1,111,3,Lost Customers
103,1,111,26730,4,3,3,433,10,Most Loyal Customer
104,6,23,5650,2,1,1,211,4,Lost Customers
105,5,64,15490,2,2,2,222,6,Loyal Customers
106,58,22,5340,1,1,1,111,3,Lost Customers
107,3,33,8030,3,1,2,312,6,Potential Loyalists Customers
108,1,234,56080,4,4,4,444,12,Most Loyal Customer
109,1,133,31280,4,3,3,433,10,Most Loyal Customer
110,8,24,5950,2,1,1,211,4,Lost Customers
111,4,46,11140,2,2,2,222,6,Loyal Customers
112,2,51,11870,3,2,2,322,7,Loyal Customers
113,4,48,11790,2,2,2,222,6,Loyal Customers
114,3,92,21830,3,3,3,333,9,Most Loyal Customer
115,1,143,34760,4,3,3,433,10,Most Loyal Customer
116,1,86,20190,4,3,3,433,10,Most Loyal Customer
117,1,71,17110,4,3,3,433,10,Most Loyal Customer
118,1,181,44170,4,4,4,444,12,Most Loyal Customer
119,10,26,6580,1,1,1,111,3,Lost Customers
120,3,74,17550,3,3,3,333,9,Most Loyal Customer
121,1,61,14250,4,2,2,422,8,Loyal Customers
122,9,54,13120,1,2,2,122,5,Attention Needed Customers
123,1,24,5600,4,1,1,411,6,Potential Loyalists Customers
124,3,182,43720,3,4,4,344,11,Most Loyal Customer
125,6,45,10820,2,2,2,222,6,Loyal Customers
126,19,23,5290,1,1,1,111,3,Lost Customers
127,1,184,44560,4,4,4,444,12,Most Loyal Customer
128,26,30,7500,1,1,1,111,3,Lost Customers
129,1,353,85750,4,4,4,444,12,Most Loyal Customer
130,2,30,7310,3,1,1,311,5,Potential Loyalists Customers
131,20,22,5440,1,1,1,111,3,Lost Customers
132,8,26,6500,2,1,1,211,4,Lost Customers
133,1,25,6190,4,1,1,411,6,Potential Loyalists Customers
134,3,55,12950,3,2,2,322,7,Loyal Customers
135,7,35,8330,2,2,2,222,6,Loyal Customers
136,9,47,11580,1,2,2,122,5,Attention Needed Customers
137,17,51,12790,1,2,2,122,5,Attention Needed Customers
138,8,24,5790,2,1,1,211,4,Lost Customers
139,6,21,5010,2,1,1,211,4,Lost Customers
140,1,107,24780,4,3,3,433,10,Most Loyal Customer
141,8,33,7810,2,1,2,212,5,Attention Needed Customers
142,1,20,4820,4,1,1,411,6,Potential Loyalists Customers
143,1,206,49680,4,4,4,444,12,Most Loyal Customer
144,1,316,76690,4,4,4,444,12,Most Loyal Customer
145,13,29,7400,1,1,1,111,3,Lost Customers
146,15,20,4630,1,1,1,111,3,Lost Customers
147,3,65,15120,3,2,2,322,7,Loyal Customers
148,5,36,8960,2,2,2,222,6,Loyal Customers
149,7,32,7740,2,1,1,211,4,Lost Customers
150,1,307,74450,4,4,4,444,12,Most Loyal Customer
151,12,106,25450,1,3,3,133,7,Potential Loyalists Customers
152,39,23,5820,1,1,1,111,3,Lost Customers
153,5,51,11730,2,2,2,222,6,Loyal Customers
154,35,22,4950,1,1,1,111,3,Lost Customers
155,4,37,8720,2,2,2,222,6,Loyal Customers
156,11,51,12280,1,2,2,122,5,Attention Needed Customers
157,2,173,42410,3,4,4,344,11,Most Loyal Customer
158,1,107,25570,4,3,3,433,10,Most Loyal Customer
159,1,120,28360,4,3,3,433,10,Most Loyal Customer
160,4,58,13210,2,2,2,222,6,Loyal Customers
161,4,42,10220,2,2,2,222,6,Loyal Customers
162,6,23,5500,2,1,1,211,4,Lost Customers
163,3,63,15100,3,2,2,322,7,Loyal Customers
164,1,30,6880,4,1,1,411,6,Potential Loyalists Customers
165,4,20,4900,2,1,1,211,4,Lost Customers
166,1,69,16790,4,3,3,433,10,Most Loyal Customer
167,3,69,16900,3,3,3,333,9,Most Loyal Customer
168,14,37,8890,1,2,2,122,5,Attention Needed Customers
169,24,22,4640,1,1,1,111,3,Lost Customers
170,1,28,6900,4,1,1,411,6,Potential Loyalists Customers
171,31,27,6890,1,1,1,111,3,Lost Customers
172,3,43,10210,3,2,2,322,7,Loyal Customers
173,2,177,42460,3,4,4,344,11,Most Loyal Customer
174,10,38,8490,1,2,2,122,5,Attention Needed Customers
175,1,63,15750,4,2,3,423,9,Most Loyal Customer
176,3,115,28070,3,3,3,333,9,Most Loyal Customer
177,2,273,65150,3,4,4,344,11,Most Loyal Customer
178,1,42,9950,4,2,2,422,8,Loyal Customers
179,5,63,15070,2,2,2,222,6,Loyal Customers
180,1,435,105500,4,4,4,444,12,Most Loyal Customer
181,58,28,6730,1,1,1,111,3,Lost Customers
182,13,53,12510,1,2,2,122,5,Attention Needed Customers
183,1,251,60980,4,4,4,444,12,Most Loyal Customer
184,10,48,11940,1,2,2,122,5,Attention Needed Customers
185,3,92,22940,3,3,3,333,9,Most Loyal Customer
186,5,56,13030,2,2,2,222,6,Loyal Customers
187,1,112,27470,4,3,3,433,10,Most Loyal Customer
188,2,187,45480,3,4,4,344,11,Most Loyal Customer
189,11,59,13970,1,2,2,122,5,Attention Needed Customers
190,3,27,6650,3,1,1,311,5,Potential Loyalists Customers
191,1,35,7920,4,2,2,422,8,Loyal Customers
192,1,121,28050,4,3,3,433,10,Most Loyal Customer
193,1,305,73790,4,4,4,444,12,Most Loyal Customer
194,7,96,22700,2,3,3,233,8,Loyal Customers
195,11,39,8880,1,2,2,122,5,Attention Needed Customers
196,3,118,28750,3,3,3,333,9,Most Loyal Customer
197,3,181,43840,3,4,4,344,11,Most Loyal Customer
198,37,40,9720,1,2,2,122,5,Attention Needed Customers
199,5,216,51440,2,4,4,244,10,Most Loyal Customer
200,2,386,92100,3,4,4,344,11,Most Loyal Customer
201,54,20,5220,1,1,1,111,3,Lost Customers
202,7,43,10300,2,2,2,222,6,Loyal Customers
203,4,42,9540,2,2,2,222,6,Loyal Customers
204,19,22,5460,1,1,1,111,3,Lost Customers
205,7,64,15480,2,2,2,222,6,Loyal Customers
206,1,230,55450,4,4,4,444,12,Most Loyal Customer
207,10,33,7700,1,1,1,111,3,Lost Customers
208,8,33,7660,2,1,1,211,4,Lost Customers
209,1,132,31540,4,3,3,433,10,Most Loyal Customer
210,11,37,8750,1,2,2,122,5,Attention Needed Customers
211,6,25,6140,2,1,1,211,4,Lost Customers
212,1,126,30140,4,3,3,433,10,Most Loyal Customer
213,5,128,31410,2,3,3,233,8,Loyal Customers
214,1,93,22880,4,3,3,433,10,Most Loyal Customer
215,1,131,31410,4,3,3,433,10,Most Loyal Customer
216,3,76,17830,3,3,3,333,9,Most Loyal Customer
217,8,53,13370,2,2,2,222,6,Loyal Customers
218,18,28,7070,1,1,1,111,3,Lost Customers
219,1,22,5030,4,1,1,411,6,Potential Loyalists Customers
220,2,146,34570,3,3,3,333,9,Most Loyal Customer
221,1,387,92380,4,4,4,444,12,Most Loyal Customer
222,2,105,25010,3,3,3,333,9,Most Loyal Customer
223,1,141,34290,4,3,3,433,10,Most Loyal Customer
224,27,27,6490,1,1,1,111,3,Lost Customers
225,24,50,12020,1,2,2,122,5,Attention Needed Customers
226,2,58,14220,3,2,2,322,7,Loyal Customers
227,22,21,4800,1,1,1,111,3,Lost Customers
228,3,30,7000,3,1,1,311,5,Potential Loyalists Customers
229,1,133,31180,4,3,3,433,10,Most Loyal Customer
230,4,21,5000,2,1,1,211,4,Lost Customers
231,7,93,22700,2,3,3,233,8,Loyal Customers
232,14,110,26760,1,3,3,133,7,Potential Loyalists Customers
233,1,480,114710,4,4,4,444,12,Most Loyal Customer
234,1,94,22950,4,3,3,433,10,Most Loyal Customer
235,4,124,30010,2,3,3,233,8,Loyal Customers
236,1,48,11360,4,2,2,422,8,Loyal Customers
237,49,29,6880,1,1,1,111,3,Lost Customers
238,3,159,39100,3,4,4,344,11,Most Loyal Customer
239,9,24,5650,1,1,1,111,3,Lost Customers
240,28,23,6070,1,1,1,111,3,Lost Customers
241,1,20,4630,4,1,1,411,6,Potential Loyalists Customers
242,2,81,20050,3,3,3,333,9,Most Loyal Customer
243,1,238,56510,4,4,4,444,12,Most Loyal Customer
244,19,22,5480,1,1,1,111,3,Lost Customers
245,1,195,46930,4,4,4,444,12,Most Loyal Customer
246,15,26,6240,1,1,1,111,3,Lost Customers
247,4,56,13450,2,2,2,222,6,Loyal Customers
248,1,161,38590,4,4,4,444,12,Most Loyal Customer
249,7,122,28910,2,3,3,233,8,Loyal Customers
250,3,77,18820,3,3,3,333,9,Most Loyal Customer
251,22,21,5280,1,1,1,111,3,Lost Customers
252,14,97,22830,1,3,3,133,7,Potential Loyalists Customers
253,1,159,37560,4,4,4,444,12,Most Loyal Customer
254,2,83,20590,3,3,3,333,9,Most Loyal Customer
255,1,207,51130,4,4,4,444,12,Most Loyal Customer
256,6,57,13790,2,2,2,222,6,Loyal Customers
257,5,23,5440,2,1,1,211,4,Lost Customers
258,2,46,11150,3,2,2,322,7,Loyal Customers
259,10,24,5870,1,1,1,111,3,Lost Customers
260,3,27,6470,3,1,1,311,5,Potential Loyalists Customers
261,4,160,38530,2,4,4,244,10,Most Loyal Customer
262,2,123,29840,3,3,3,333,9,Most Loyal Customer
263,1,120,28950,4,3,3,433,10,Most Loyal Customer
264,1,46,10840,4,2,2,422,8,Loyal Customers
265,8,23,5310,2,1,1,211,4,Lost Customers
266,1,185,45090,4,4,4,444,12,Most Loyal Customer
267,7,328,78800,2,4,4,244,10,Most Loyal Customer
268,1,323,77540,4,4,4,444,12,Most Loyal Customer
269,1,138,33500,4,3,3,433,10,Most Loyal Customer
270,1,278,66600,4,4,4,444,12,Most Loyal Customer
271,8,51,12100,2,2,2,222,6,Loyal Customers
272,18,22,5210,1,1,1,111,3,Lost Customers
273,5,71,17080,2,3,3,233,8,Loyal Customers
274,1,95,22060,4,3,3,433,10,Most Loyal Customer
275,1,518,125150,4,4,4,444,12,Most Loyal Customer
276,1,54,12900,4,2,2,422,8,Loyal Customers
277,47,23,5760,1,1,1,111,3,Lost Customers
278,1,434,103240,4,4,4,444,12,Most Loyal Customer
279,1,258,62290,4,4,4,444,12,Most Loyal Customer
280,25,26,6570,1,1,1,111,3,Lost Customers
281,30,22,5330,1,1,1,111,3,Lost Customers
282,2,53,13090,3,2,2,322,7,Loyal Customers
283,9,47,11670,1,2,2,122,5,Attention Needed Customers
284,33,32,7730,1,1,1,111,3,Lost Customers
285,1,288,69270,4,4,4,444,12,Most Loyal Customer
286,1,62,14780,4,2,2,422,8,Loyal Customers
287,5,75,18070,2,3,3,233,8,Loyal Customers
288,5,27,6530,2,1,1,211,4,Lost Customers
289,6,150,36000,2,4,4,244,10,Most Loyal Customer
290,1,296,71170,4,4,4,444,12,Most Loyal Customer
291,3,124,29270,3,3,3,333,9,Most Loyal Customer
292,1,388,93520,4,4,4,444,12,Most Loyal Customer
293,1,150,36020,4,4,4,444,12,Most Loyal Customer
294,1,196,46840,4,4,4,444,12,Most Loyal Customer
295,2,147,34750,3,3,3,333,9,Most Loyal Customer
296,3,192,46120,3,4,4,344,11,Most Loyal Customer
297,1,127,30020,4,3,3,433,10,Most Loyal Customer
298,1,280,68740,4,4,4,444,12,Most Loyal Customer
299,19,20,5020,1,1,1,111,3,Lost Customers
300,1,275,66240,4,4,4,444,12,Most Loyal Customer
301,40,21,5290,1,1,1,111,3,Lost Customers
302,1,484,117620,4,4,4,444,12,Most Loyal Customer
303,1,26,6090,4,1,1,411,6,Potential Loyalists Customers
304,1,222,53800,4,4,4,444,12,Most Loyal Customer
305,21,32,7610,1,1,1,111,3,Lost Customers
306,3,112,26560,3,3,3,333,9,Most Loyal Customer
307,1,397,95910,4,4,4,444,12,Most Loyal Customer
308,5,20,4830,2,1,1,211,4,Lost Customers
309,44,21,5400,1,1,1,111,3,Lost Customers
310,1,294,72860,4,4,4,444,12,Most Loyal Customer
311,1,223,51870,4,4,4,444,12,Most Loyal Customer
312,1,262,62740,4,4,4,444,12,Most Loyal Customer
313,1,245,59530,4,4,4,444,12,Most Loyal Customer
314,1,87,21130,4,3,3,433,10,Most Loyal Customer
315,1,75,17900,4,3,3,433,10,Most Loyal Customer
316,1,22,5060,4,1,1,411,6,Potential Loyalists Customers
317,1,174,41540,4,4,4,444,12,Most Loyal Customer
318,57,23,5790,1,1,1,111,3,Lost Customers
319,1,154,37610,4,4,4,444,12,Most Loyal Customer
320,1,125,30260,4,3,3,433,10,Most Loyal Customer
321,7,51,12290,2,2,2,222,6,Loyal Customers
322,3,89,21510,3,3,3,333,9,Most Loyal Customer
323,19,66,17310,1,3,3,133,7,Potential Loyalists Customers
324,8,142,34310,2,3,3,233,8,Loyal Customers
325,1,187,45650,4,4,4,444,12,Most Loyal Customer
326,3,284,70040,3,4,4,344,11,Most Loyal Customer
327,1,283,67650,4,4,4,444,12,Most Loyal Customer
328,1,65,15590,4,2,2,422,8,Loyal Customers
329,1,147,34440,4,3,3,433,10,Most Loyal Customer
330,2,70,17250,3,3,3,333,9,Most Loyal Customer
331,3,183,45640,3,4,4,344,11,Most Loyal Customer
332,1,26,5970,4,1,1,411,6,Potential Loyalists Customers
333,1,333,79230,4,4,4,444,12,Most Loyal Customer
334,2,22,5020,3,1,1,311,5,Potential Loyalists Customers
335,3,130,31090,3,3,3,333,9,Most Loyal Customer
336,17,34,8230,1,2,2,122,5,Attention Needed Customers
337,4,75,18600,2,3,3,233,8,Loyal Customers
338,1,254,60240,4,4,4,444,12,Most Loyal Customer
339,1,44,10430,4,2,2,422,8,Loyal Customers
340,8,21,5200,2,1,1,211,4,Lost Customers
341,3,201,47610,3,4,4,344,11,Most Loyal Customer
342,1,237,55480,4,4,4,444,12,Most Loyal Customer
343,1,190,46390,4,4,4,444,12,Most Loyal Customer
344,1,232,56300,4,4,4,444,12,Most Loyal Customer
345,2,193,46300,3,4,4,344,11,Most Loyal Customer
346,1,199,48290,4,4,4,444,12,Most Loyal Customer
347,1,58,14120,4,2,2,422,8,Loyal Customers
348,2,41,10060,3,2,2,322,7,Loyal Customers
349,19,50,12430,1,2,2,122,5,Attention Needed Customers
350,3,44,10430,3,2,2,322,7,Loyal Customers
351,1,42,10180,4,2,2,422,8,Loyal Customers
352,23,25,6120,1,1,1,111,3,Lost Customers
353,3,233,55760,3,4,4,344,11,Most Loyal Customer
354,3,26,6580,3,1,1,311,5,Potential Loyalists Customers
355,15,24,6000,1,1,1,111,3,Lost Customers
356,7,76,17960,2,3,3,233,8,Loyal Customers
357,12,43,10030,1,2,2,122,5,Attention Needed Customers
358,3,27,6460,3,1,1,311,5,Potential Loyalists Customers
359,3,102,23500,3,3,3,333,9,Most Loyal Customer
360,1,121,29810,4,3,3,433,10,Most Loyal Customer
361,12,25,6130,1,1,1,111,3,Lost Customers
362,1,311,74240,4,4,4,444,12,Most Loyal Customer
363,32,20,4630,1,1,1,111,3,Lost Customers
364,4,58,13980,2,2,2,222,6,Loyal Customers
365,24,33,8190,1,1,2,112,4,Almost Lost Customers
366,13,58,13720,1,2,2,122,5,Attention Needed Customers
367,7,45,10660,2,2,2,222,6,Loyal Customers
368,75,22,5760,1,1,1,111,3,Lost Customers
369,7,75,18350,2,3,3,233,8,Loyal Customers
370,22,51,12790,1,2,2,122,5,Attention Needed Customers
371,19,66,16480,1,3,3,133,7,Potential Loyalists Customers
372,2,233,55640,3,4,4,344,11,Most Loyal Customer
373,1,274,65130,4,4,4,444,12,Most Loyal Customer
374,16,28,6630,1,1,1,111,3,Lost Customers
375,1,30,6860,4,1,1,411,6,Potential Loyalists Customers
376,9,33,7690,1,1,1,111,3,Lost Customers
377,1,375,91120,4,4,4,444,12,Most Loyal Customer
378,3,196,47540,3,4,4,344,11,Most Loyal Customer
379,1,162,37920,4,4,4,444,12,Most Loyal Customer
380,5,127,29920,2,3,3,233,8,Loyal Customers
381,2,53,12310,3,2,2,322,7,Loyal Customers
382,1,71,17010,4,3,3,433,10,Most Loyal Customer
383,11,22,5430,1,1,1,111,3,Lost Customers
384,3,281,67660,3,4,4,344,11,Most Loyal Customer
385,14,23,5240,1,1,1,111,3,Lost Customers
386,1,304,72060,4,4,4,444,12,Most Loyal Customer
387,13,52,12710,1,2,2,122,5,Attention Needed Customers
388,1,271,65280,4,4,4,444,12,Most Loyal Customer
389,8,31,7460,2,1,1,211,4,Lost Customers
390,1,121,28320,4,3,3,433,10,Most Loyal Customer
391,5,111,25980,2,3,3,233,8,Loyal Customers
392,1,448,107020,4,4,4,444,12,Most Loyal Customer
393,1,149,36410,4,4,4,444,12,Most Loyal Customer
394,6,57,13500,2,2,2,222,6,Loyal Customers
395,3,54,12640,3,2,2,322,7,Loyal Customers
396,1,102,24350,4,3,3,433,10,Most Loyal Customer
397,1,172,41100,4,4,4,444,12,Most Loyal Customer
398,2,319,76770,3,4,4,344,11,Most Loyal Customer
399,12,22,5000,1,1,1,111,3,Lost Customers
400,2,153,37320,3,4,4,344,11,Most Loyal Customer
401,1,68,15630,4,3,3,433,10,Most Loyal Customer
402,1,50,12190,4,2,2,422,8,Loyal Customers
403,8,44,10290,2,2,2,222,6,Loyal Customers
404,1,737,175990,4,4,4,444,12,Most Loyal Customer
405,1,342,81460,4,4,4,444,12,Most Loyal Customer
406,1,226,54320,4,4,4,444,12,Most Loyal Customer
407,2,27,6820,3,1,1,311,5,Potential Loyalists Customers
408,1,203,48500,4,4,4,444,12,Most Loyal Customer
409,2,28,6760,3,1,1,311,5,Potential Loyalists Customers
410,5,58,13790,2,2,2,222,6,Loyal Customers
411,12,51,11970,1,2,2,122,5,Attention Needed Customers
412,1,50,11770,4,2,2,422,8,Loyal Customers
413,18,25,5860,1,1,1,111,3,Lost Customers
414,2,24,5390,3,1,1,311,5,Potential Loyalists Customers
415,1,493,117410,4,4,4,444,12,Most Loyal Customer
416,1,365,84980,4,4,4,444,12,Most Loyal Customer
417,6,20,4720,2,1,1,211,4,Lost Customers
418,3,32,7560,3,1,1,311,5,Potential Loyalists Customers
419,4,36,9290,2,2,2,222,6,Loyal Customers
420,11,62,15200,1,2,2,122,5,Attention Needed Customers
421,1,97,23030,4,3,3,433,10,Most Loyal Customer
422,9,64,15080,1,2,2,122,5,Attention Needed Customers
423,10,44,10330,1,2,2,122,5,Attention Needed Customers
424,1,204,47900,4,4,4,444,12,Most Loyal Customer
425,4,101,24760,2,3,3,233,8,Loyal Customers
426,6,31,7200,2,1,1,211,4,Lost Customers
427,5,55,13210,2,2,2,222,6,Loyal Customers
428,1,414,99690,4,4,4,444,12,Most Loyal Customer
429,8,65,14910,2,2,2,222,6,Loyal Customers
430,1,21,4870,4,1,1,411,6,Potential Loyalists Customers
431,6,62,14350,2,2,2,222,6,Loyal Customers
432,11,41,9950,1,2,2,122,5,Attention Needed Customers
433,9,44,10390,1,2,2,122,5,Attention Needed Customers
434,1,379,89940,4,4,4,444,12,Most Loyal Customer
435,1,145,35180,4,3,3,433,10,Most Loyal Customer
436,1,263,63420,4,4,4,444,12,Most Loyal Customer
437,5,33,8010,2,1,2,212,5,Attention Needed Customers
438,1,31,7110,4,1,1,411,6,Potential Loyalists Customers
439,10,51,12420,1,2,2,122,5,Attention Needed Customers
440,1,20,5000,4,1,1,411,6,Potential Loyalists Customers
441,1,143,34340,4,3,3,433,10,Most Loyal Customer
442,11,24,5990,1,1,1,111,3,Lost Customers
443,20,24,5880,1,1,1,111,3,Lost Customers
444,4,135,32530,2,3,3,233,8,Loyal Customers
445,1,36,8520,4,2,2,422,8,Loyal Customers
446,1,139,32970,4,3,3,433,10,Most Loyal Customer
447,1,38,8600,4,2,2,422,8,Loyal Customers
448,1,75,17920,4,3,3,433,10,Most Loyal Customer
449,1,540,130310,4,4,4,444,12,Most Loyal Customer
450,6,98,24540,2,3,3,233,8,Loyal Customers
451,3,206,48030,3,4,4,344,11,Most Loyal Customer
452,2,156,36830,3,4,4,344,11,Most Loyal Customer
453,2,236,56280,3,4,4,344,11,Most Loyal Customer
454,3,189,45120,3,4,4,344,11,Most Loyal Customer
455,1,217,52630,4,4,4,444,12,Most Loyal Customer
456,4,277,67760,2,4,4,244,10,Most Loyal Customer
457,2,183,43580,3,4,4,344,11,Most Loyal Customer
458,2,118,28350,3,3,3,333,9,Most Loyal Customer
459,7,68,16570,2,3,3,233,8,Loyal Customers
460,39,23,5510,1,1,1,111,3,Lost Customers
461,12,33,7880,1,1,2,112,4,Almost Lost Customers
462,1,133,32350,4,3,3,433,10,Most Loyal Customer
463,1,53,13130,4,2,2,422,8,Loyal Customers
464,19,80,19330,1,3,3,133,7,Potential Loyalists Customers
465,1,101,24100,4,3,3,433,10,Most Loyal Customer
466,11,44,10530,1,2,2,122,5,Attention Needed Customers
467,1,143,35020,4,3,3,433,10,Most Loyal Customer
468,16,43,9810,1,2,2,122,5,Attention Needed Customers
469,6,57,13420,2,2,2,222,6,Loyal Customers
470,46,31,7490,1,1,1,111,3,Lost Customers
471,1,263,62940,4,4,4,444,12,Most Loyal Customer
472,5,35,8020,2,2,2,222,6,Loyal Customers
473,2,327,79110,3,4,4,344,11,Most Loyal Customer
474,3,20,4610,3,1,1,311,5,Potential Loyalists Customers
475,9,83,20280,1,3,3,133,7,Potential Loyalists Customers
476,2,35,8480,3,2,2,322,7,Loyal Customers
477,2,113,27400,3,3,3,333,9,Most Loyal Customer
478,1,202,48290,4,4,4,444,12,Most Loyal Customer
479,9,60,15540,1,2,2,122,5,Attention Needed Customers
480,4,56,13100,2,2,2,222,6,Loyal Customers
481,23,26,6370,1,1,1,111,3,Lost Customers
482,1,59,14230,4,2,2,422,8,Loyal Customers
483,1,139,33490,4,3,3,433,10,Most Loyal Customer
484,41,26,6630,1,1,1,111,3,Lost Customers
485,1,189,44100,4,4,4,444,12,Most Loyal Customer
486,2,231,56350,3,4,4,344,11,Most Loyal Customer
487,1,154,36810,4,4,4,444,12,Most Loyal Customer
488,4,109,25100,2,3,3,233,8,Loyal Customers
489,3,57,13330,3,2,2,322,7,Loyal Customers
490,4,33,8040,2,1,2,212,5,Attention Needed Customers
491,5,55,13230,2,2,2,222,6,Loyal Customers
492,1,135,32450,4,3,3,433,10,Most Loyal Customer
493,4,47,11680,2,2,2,222,6,Loyal Customers
494,2,213,51710,3,4,4,344,11,Most Loyal Customer
495,1,129,31300,4,3,3,433,10,Most Loyal Customer
496,1,279,66900,4,4,4,444,12,Most Loyal Customer
497,1,149,35810,4,4,4,444,12,Most Loyal Customer
498,1,102,24300,4,3,3,433,10,Most Loyal Customer
499,1,225,52990,4,4,4,444,12,Most Loyal Customer
500,12,73,16840,1,3,3,133,7,Potential Loyalists Customers
501,6,37,8780,2,2,2,222,6,Loyal Customers
502,1,160,38430,4,4,4,444,12,Most Loyal Customer
503,3,251,58980,3,4,4,344,11,Most Loyal Customer
504,1,112,27040,4,3,3,433,10,Most Loyal Customer
505,2,242,60410,3,4,4,344,11,Most Loyal Customer
506,7,58,14180,2,2,2,222,6,Loyal Customers
507,5,87,20840,2,3,3,233,8,Loyal Customers
508,19,33,7990,1,1,2,112,4,Almost Lost Customers
509,23,30,6920,1,1,1,111,3,Lost Customers
510,1,24,6210,4,1,1,411,6,Potential Loyalists Customers
511,50,21,5190,1,1,1,111,3,Lost Customers
512,10,22,5630,1,1,1,111,3,Lost Customers
513,3,194,47920,3,4,4,344,11,Most Loyal Customer
514,4,40,9250,2,2,2,222,6,Loyal Customers
515,12,21,5040,1,1,1,111,3,Lost Customers
516,22,37,9050,1,2,2,122,5,Attention Needed Customers
517,3,73,17360,3,3,3,333,9,Most Loyal Customer
518,1,49,12130,4,2,2,422,8,Loyal Customers
519,54,23,5620,1,1,1,111,3,Lost Customers
520,1,150,36440,4,4,4,444,12,Most Loyal Customer
521,4,30,6940,2,1,1,211,4,Lost Customers
522,12,100,23930,1,3,3,133,7,Potential Loyalists Customers
523,1,306,74240,4,4,4,444,12,Most Loyal Customer
524,9,54,13270,1,2,2,122,5,Attention Needed Customers
525,5,68,16800,2,3,3,233,8,Loyal Customers
526,9,137,32810,1,3,3,133,7,Potential Loyalists Customers
527,2,53,12740,3,2,2,322,7,Loyal Customers
528,2,43,10540,3,2,2,322,7,Loyal Customers
529,12,45,10590,1,2,2,122,5,Attention Needed Customers
530,13,30,6820,1,1,1,111,3,Lost Customers
531,1,274,65800,4,4,4,444,12,Most Loyal Customer
532,1,260,61970,4,4,4,444,12,Most Loyal Customer
533,2,80,18980,3,3,3,333,9,Most Loyal Customer
534,1,218,54510,4,4,4,444,12,Most Loyal Customer
535,3,163,38900,3,4,4,344,11,Most Loyal Customer
536,1,490,116990,4,4,4,444,12,Most Loyal Customer
537,4,81,18930,2,3,3,233,8,Loyal Customers
538,1,56,13670,4,2,2,422,8,Loyal Customers
539,1,63,15960,4,2,3,423,9,Most Loyal Customer
540,3,133,31930,3,3,3,333,9,Most Loyal Customer
541,1,135,30830,4,3,3,433,10,Most Loyal Customer
542,3,197,47630,3,4,4,344,11,Most Loyal Customer
543,4,31,7510,2,1,1,211,4,Lost Customers
544,7,162,38040,2,4,4,244,10,Most Loyal Customer
545,14,59,14310,1,2,2,122,5,Attention Needed Customers
546,23,23,5590,1,1,1,111,3,Lost Customers
547,2,155,37500,3,4,4,344,11,Most Loyal Customer
548,1,25,6040,4,1,1,411,6,Potential Loyalists Customers
549,6,40,9910,2,2,2,222,6,Loyal Customers
550,1,334,78510,4,4,4,444,12,Most Loyal Customer
551,1,84,21040,4,3,3,433,10,Most Loyal Customer
552,11,100,24640,1,3,3,133,7,Potential Loyalists Customers
553,5,114,27180,2,3,3,233,8,Loyal Customers
554,7,52,13350,2,2,2,222,6,Loyal Customers
555,1,44,10450,4,2,2,422,8,Loyal Customers
556,1,53,12680,4,2,2,422,8,Loyal Customers
557,26,20,4900,1,1,1,111,3,Lost Customers
558,8,76,17840,2,3,3,233,8,Loyal Customers
559,2,101,23530,3,3,3,333,9,Most Loyal Customer
560,1,357,85300,4,4,4,444,12,Most Loyal Customer
561,3,72,17490,3,3,3,333,9,Most Loyal Customer
562,5,30,7700,2,1,1,211,4,Lost Customers
563,8,34,7530,2,2,1,221,5,Potential Loyalists Customers
564,1,35,8300,4,2,2,422,8,Loyal Customers
565,1,149,35800,4,4,4,444,12,Most Loyal Customer
566,1,155,36270,4,4,4,444,12,Most Loyal Customer
567,5,81,20330,2,3,3,233,8,Loyal Customers
568,1,70,16200,4,3,3,433,10,Most Loyal Customer
569,1,22,5210,4,1,1,411,6,Potential Loyalists Customers
570,52,20,5130,1,1,1,111,3,Lost Customers
571,64,20,5220,1,1,1,111,3,Lost Customers
572,3,51,12180,3,2,2,322,7,Loyal Customers
573,3,46,11170,3,2,2,322,7,Loyal Customers
574,15,26,6150,1,1,1,111,3,Lost Customers
575,24,36,8210,1,2,2,122,5,Attention Needed Customers
576,2,188,44570,3,4,4,344,11,Most Loyal Customer
577,7,24,5420,2,1,1,211,4,Lost Customers
578,16,74,17420,1,3,3,133,7,Potential Loyalists Customers
579,8,47,10870,2,2,2,222,6,Loyal Customers
580,17,28,6450,1,1,1,111,3,Lost Customers
581,5,62,14860,2,2,2,222,6,Loyal Customers
582,13,27,6440,1,1,1,111,3,Lost Customers
583,2,24,5470,3,1,1,311,5,Potential Loyalists Customers
584,11,80,19260,1,3,3,133,7,Potential Loyalists Customers
585,1,166,39430,4,4,4,444,12,Most Loyal Customer
586,1,98,23650,4,3,3,433,10,Most Loyal Customer
587,1,225,53570,4,4,4,444,12,Most Loyal Customer
588,5,43,10650,2,2,2,222,6,Loyal Customers
589,5,48,11880,2,2,2,222,6,Loyal Customers
590,8,84,20280,2,3,3,233,8,Loyal Customers
591,1,360,86360,4,4,4,444,12,Most Loyal Customer
592,1,156,37080,4,4,4,444,12,Most Loyal Customer
593,9,25,5930,1,1,1,111,3,Lost Customers
594,1,96,23500,4,3,3,433,10,Most Loyal Customer
595,1,20,4530,4,1,1,411,6,Potential Loyalists Customers
596,1,41,9790,4,2,2,422,8,Loyal Customers
597,13,25,5940,1,1,1,111,3,Lost Customers
598,1,47,11250,4,2,2,422,8,Loyal Customers
599,1,89,21330,4,3,3,433,10,Most Loyal Customer
600,1,148,35970,4,3,4,434,11,Most Loyal Customer
601,3,29,7120,3,1,1,311,5,Potential Loyalists Customers
602,2,47,10440,3,2,2,322,7,Loyal Customers
603,15,27,6320,1,1,1,111,3,Lost Customers
604,23,90,21520,1,3,3,133,7,Potential Loyalists Customers
605,1,236,56550,4,4,4,444,12,Most Loyal Customer
606,1,37,9100,4,2,2,422,8,Loyal Customers
607,1,163,38510,4,4,4,444,12,Most Loyal Customer
608,3,28,6600,3,1,1,311,5,Potential Loyalists Customers
609,1,75,17620,4,3,3,433,10,Most Loyal Customer
610,13,42,10440,1,2,2,122,5,Attention Needed Customers
611,12,27,6540,1,1,1,111,3,Lost Customers
612,9,28,6820,1,1,1,111,3,Lost Customers
613,17,39,9500,1,2,2,122,5,Attention Needed Customers
614,6,103,24720,2,3,3,233,8,Loyal Customers
615,8,43,10270,2,2,2,222,6,Loyal Customers
616,1,108,26310,4,3,3,433,10,Most Loyal Customer
617,1,216,52170,4,4,4,444,12,Most Loyal Customer
618,2,89,21720,3,3,3,333,9,Most Loyal Customer
619,3,110,26580,3,3,3,333,9,Most Loyal Customer
620,1,171,41530,4,4,4,444,12,Most Loyal Customer
621,1,228,54850,4,4,4,444,12,Most Loyal Customer
622,5,45,10280,2,2,2,222,6,Loyal Customers
623,1,141,33680,4,3,3,433,10,Most Loyal Customer
624,1,106,25150,4,3,3,433,10,Most Loyal Customer
625,5,32,7600,2,1,1,211,4,Lost Customers
626,1,181,43600,4,4,4,444,12,Most Loyal Customer
627,7,27,6510,2,1,1,211,4,Lost Customers
628,2,121,29070,3,3,3,333,9,Most Loyal Customer
629,1,108,25530,4,3,3,433,10,Most Loyal Customer
630,89,20,5190,1,1,1,111,3,Lost Customers
631,2,118,28650,3,3,3,333,9,Most Loyal Customer
632,3,58,13950,3,2,2,322,7,Loyal Customers
633,1,135,31320,4,3,3,433,10,Most Loyal Customer
634,9,34,7970,1,2,2,122,5,Attention Needed Customers
635,1,20,4880,4,1,1,411,6,Potential Loyalists Customers
636,4,104,24590,2,3,3,233,8,Loyal Customers
637,1,67,15380,4,3,2,432,9,Most Loyal Customer
638,3,148,35500,3,3,4,334,10,Most Loyal Customer
639,1,109,25960,4,3,3,433,10,Most Loyal Customer
640,2,40,9660,3,2,2,322,7,Loyal Customers
641,1,318,75690,4,4,4,444,12,Most Loyal Customer
642,1,206,48600,4,4,4,444,12,Most Loyal Customer
643,1,42,10180,4,2,2,422,8,Loyal Customers
644,2,122,29120,3,3,3,333,9,Most Loyal Customer
645,21,38,9380,1,2,2,122,5,Attention Needed Customers
646,2,58,13710,3,2,2,322,7,Loyal Customers
647,1,297,69530,4,4,4,444,12,Most Loyal Customer
648,5,24,5830,2,1,1,211,4,Lost Customers
649,6,311,74520,2,4,4,244,10,Most Loyal Customer
650,56,21,5350,1,1,1,111,3,Lost Customers
651,5,22,5110,2,1,1,211,4,Lost Customers
652,1,283,68140,4,4,4,444,12,Most Loyal Customer
653,3,147,34640,3,3,3,333,9,Most Loyal Customer
654,1,685,163770,4,4,4,444,12,Most Loyal Customer
655,13,24,5870,1,1,1,111,3,Lost Customers
656,13,29,6840,1,1,1,111,3,Lost Customers
657,17,71,17300,1,3,3,133,7,Potential Loyalists Customers
658,1,191,45830,4,4,4,444,12,Most Loyal Customer
659,1,224,54050,4,4,4,444,12,Most Loyal Customer
660,2,121,28800,3,3,3,333,9,Most Loyal Customer
661,20,23,5450,1,1,1,111,3,Lost Customers
662,1,158,37740,4,4,4,444,12,Most Loyal Customer
663,1,166,39400,4,4,4,444,12,Most Loyal Customer
664,1,142,34580,4,3,3,433,10,Most Loyal Customer
665,1,245,58300,4,4,4,444,12,Most Loyal Customer
666,27,47,11460,1,2,2,122,5,Attention Needed Customers
667,1,46,11150,4,2,2,422,8,Loyal Customers
668,2,100,23690,3,3,3,333,9,Most Loyal Customer
669,4,46,11380,2,2,2,222,6,Loyal Customers
670,1,124,29900,4,3,3,433,10,Most Loyal Customer
671,2,29,7310,3,1,1,311,5,Potential Loyalists Customers
672,1,35,8560,4,2,2,422,8,Loyal Customers
673,3,41,8930,3,2,2,322,7,Loyal Customers
674,8,34,8230,2,2,2,222,6,Loyal Customers
675,1,77,18160,4,3,3,433,10,Most Loyal Customer
676,2,49,11190,3,2,2,322,7,Loyal Customers
677,20,28,6890,1,1,1,111,3,Lost Customers
678,5,62,15070,2,2,2,222,6,Loyal Customers
679,2,38,9070,3,2,2,322,7,Loyal Customers
680,6,22,5660,2,1,1,211,4,Lost Customers
681,1,399,95000,4,4,4,444,12,Most Loyal Customer
682,1,75,17750,4,3,3,433,10,Most Loyal Customer
683,1,86,20770,4,3,3,433,10,Most Loyal Customer
684,7,20,4400,2,1,1,211,4,Lost Customers
685,1,71,16580,4,3,3,433,10,Most Loyal Customer
686,2,21,5160,3,1,1,311,5,Potential Loyalists Customers
687,1,24,5880,4,1,1,411,6,Potential Loyalists Customers
688,27,36,8690,1,2,2,122,5,Attention Needed Customers
689,1,115,27390,4,3,3,433,10,Most Loyal Customer
690,3,32,7260,3,1,1,311,5,Potential Loyalists Customers
691,5,40,9860,2,2,2,222,6,Loyal Customers
692,1,154,36530,4,4,4,444,12,Most Loyal Customer
693,8,157,37960,2,4,4,244,10,Most Loyal Customer
694,12,38,9120,1,2,2,122,5,Attention Needed Customers
695,15,29,6880,1,1,1,111,3,Lost Customers
696,1,105,25500,4,3,3,433,10,Most Loyal Customer
697,1,127,30880,4,3,3,433,10,Most Loyal Customer
698,1,149,34580,4,4,3,443,11,Most Loyal Customer
699,8,21,4930,2,1,1,211,4,Lost Customers
700,11,33,7930,1,1,2,112,4,Almost Lost Customers
701,22,31,7510,1,1,1,111,3,Lost Customers
702,5,47,11790,2,2,2,222,6,Loyal Customers
703,2,90,20670,3,3,3,333,9,Most Loyal Customer
704,1,114,28120,4,3,3,433,10,Most Loyal Customer
705,8,29,6860,2,1,1,211,4,Lost Customers
706,1,236,57660,4,4,4,444,12,Most Loyal Customer
707,1,105,25180,4,3,3,433,10,Most Loyal Customer
708,15,138,33000,1,3,3,133,7,Potential Loyalists Customers
709,1,86,21120,4,3,3,433,10,Most Loyal Customer
710,1,221,52650,4,4,4,444,12,Most Loyal Customer
711,5,162,38800,2,4,4,244,10,Most Loyal Customer
712,3,30,7110,3,1,1,311,5,Potential Loyalists Customers
713,7,44,10380,2,2,2,222,6,Loyal Customers
714,2,167,40420,3,4,4,344,11,Most Loyal Customer
715,2,269,63850,3,4,4,344,11,Most Loyal Customer
716,1,93,23290,4,3,3,433,10,Most Loyal Customer
717,2,39,9740,3,2,2,322,7,Loyal Customers
718,3,67,15950,3,3,3,333,9,Most Loyal Customer
719,32,30,7070,1,1,1,111,3,Lost Customers
720,2,168,41160,3,4,4,344,11,Most Loyal Customer
721,4,42,10430,2,2,2,222,6,Loyal Customers
722,17,22,5420,1,1,1,111,3,Lost Customers
723,2,85,20270,3,3,3,333,9,Most Loyal Customer
724,7,25,5820,2,1,1,211,4,Lost Customers
725,24,24,6110,1,1,1,111,3,Lost Customers
726,2,322,76440,3,4,4,344,11,Most Loyal Customer
727,14,26,5910,1,1,1,111,3,Lost Customers
728,24,21,5170,1,1,1,111,3,Lost Customers
729,1,38,9030,4,2,2,422,8,Loyal Customers
730,1,83,20160,4,3,3,433,10,Most Loyal Customer
731,8,20,4810,2,1,1,211,4,Lost Customers
732,7,107,25830,2,3,3,233,8,Loyal Customers
733,1,64,15370,4,2,2,422,8,Loyal Customers
734,1,53,12350,4,2,2,422,8,Loyal Customers
735,1,24,5820,4,1,1,411,6,Potential Loyalists Customers
736,14,33,7960,1,1,2,112,4,Almost Lost Customers
737,1,148,35970,4,3,4,434,11,Most Loyal Customer
738,15,35,8530,1,2,2,122,5,Attention Needed Customers
739,12,20,4570,1,1,1,111,3,Lost Customers
740,6,104,24780,2,3,3,233,8,Loyal Customers
741,6,26,6020,2,1,1,211,4,Lost Customers
742,33,35,8840,1,2,2,122,5,Attention Needed Customers
743,19,27,6740,1,1,1,111,3,Lost Customers
744,1,60,13550,4,2,2,422,8,Loyal Customers
745,1,67,16530,4,3,3,433,10,Most Loyal Customer
746,1,293,70000,4,4,4,444,12,Most Loyal Customer
747,1,108,26510,4,3,3,433,10,Most Loyal Customer
748,1,305,71990,4,4,4,444,12,Most Loyal Customer
749,5,33,7750,2,1,1,211,4,Lost Customers
750,1,168,41160,4,4,4,444,12,Most Loyal Customer
751,1,73,17650,4,3,3,433,10,Most Loyal Customer
752,1,57,13920,4,2,2,422,8,Loyal Customers
753,21,34,8380,1,2,2,122,5,Attention Needed Customers
754,1,38,8890,4,2,2,422,8,Loyal Customers
755,3,109,26550,3,3,3,333,9,Most Loyal Customer
756,1,166,39570,4,4,4,444,12,Most Loyal Customer
757,1,357,85270,4,4,4,444,12,Most Loyal Customer
758,1,32,7300,4,1,1,411,6,Potential Loyalists Customers
759,14,41,10310,1,2,2,122,5,Attention Needed Customers
760,14,66,15880,1,3,3,133,7,Potential Loyalists Customers
761,4,21,5140,2,1,1,211,4,Lost Customers
762,1,129,30910,4,3,3,433,10,Most Loyal Customer
763,10,109,26080,1,3,3,133,7,Potential Loyalists Customers
764,36,23,5710,1,1,1,111,3,Lost Customers
765,8,175,42170,2,4,4,244,10,Most Loyal Customer
766,4,37,8590,2,2,2,222,6,Loyal Customers
767,1,64,16140,4,2,3,423,9,Most Loyal Customer
768,14,29,7230,1,1,1,111,3,Lost Customers
769,14,64,15590,1,2,2,122,5,Attention Needed Customers
770,1,70,17140,4,3,3,433,10,Most Loyal Customer
771,1,33,8050,4,1,2,412,7,Potential Loyalists Customers
772,3,161,40040,3,4,4,344,11,Most Loyal Customer
773,5,224,54340,2,4,4,244,10,Most Loyal Customer
774,1,28,6800,4,1,1,411,6,Potential Loyalists Customers
775,4,105,25010,2,3,3,233,8,Loyal Customers
776,25,36,8800,1,2,2,122,5,Attention Needed Customers
777,3,65,16050,3,2,3,323,8,Loyal Customers
778,8,37,8450,2,2,2,222,6,Loyal Customers
779,21,55,12710,1,2,2,122,5,Attention Needed Customers
780,21,42,10050,1,2,2,122,5,Attention Needed Customers
781,1,232,55570,4,4,4,444,12,Most Loyal Customer
782,2,30,7200,3,1,1,311,5,Potential Loyalists Customers
783,7,39,8990,2,2,2,222,6,Loyal Customers
784,12,27,6320,1,1,1,111,3,Lost Customers
785,2,117,28130,3,3,3,333,9,Most Loyal Customer
786,16,57,13600,1,2,2,122,5,Attention Needed Customers
787,1,249,60840,4,4,4,444,12,Most Loyal Customer
788,3,33,8070,3,1,2,312,6,Potential Loyalists Customers
789,1,231,54980,4,4,4,444,12,Most Loyal Customer
790,6,25,6160,2,1,1,211,4,Lost Customers
791,1,47,11230,4,2,2,422,8,Loyal Customers
792,1,55,13490,4,2,2,422,8,Loyal Customers
793,1,39,9260,4,2,2,422,8,Loyal Customers
794,4,159,37130,2,4,4,244,10,Most Loyal Customer
795,1,358,86510,4,4,4,444,12,Most Loyal Customer
796,1,26,6010,4,1,1,411,6,Potential Loyalists Customers
797,2,239,57450,3,4,4,344,11,Most Loyal Customer
798,39,24,5560,1,1,1,111,3,Lost Customers
799,2,28,6540,3,1,1,311,5,Potential Loyalists Customers
800,1,26,6130,4,1,1,411,6,Potential Loyalists Customers
801,1,75,17490,4,3,3,433,10,Most Loyal Customer
802,3,33,7580,3,1,1,311,5,Potential Loyalists Customers
803,1,332,79180,4,4,4,444,12,Most Loyal Customer
804,1,273,65580,4,4,4,444,12,Most Loyal Customer
805,1,140,33490,4,3,3,433,10,Most Loyal Customer
806,1,204,48180,4,4,4,444,12,Most Loyal Customer
807,37,23,5640,1,1,1,111,3,Lost Customers
808,18,20,4570,1,1,1,111,3,Lost Customers
809,13,26,6360,1,1,1,111,3,Lost Customers
810,14,21,4710,1,1,1,111,3,Lost Customers
811,1,20,4710,4,1,1,411,6,Potential Loyalists Customers
812,25,29,7050,1,1,1,111,3,Lost Customers
813,12,35,7970,1,2,2,122,5,Attention Needed Customers
814,1,183,43510,4,4,4,444,12,Most Loyal Customer
815,4,25,6170,2,1,1,211,4,Lost Customers
816,14,36,9160,1,2,2,122,5,Attention Needed Customers
817,6,21,5110,2,1,1,211,4,Lost Customers
818,18,28,6590,1,1,1,111,3,Lost Customers
819,5,21,4790,2,1,1,211,4,Lost Customers
820,7,62,14840,2,2,2,222,6,Loyal Customers
821,23,25,6140,1,1,1,111,3,Lost Customers
822,5,185,43860,2,4,4,244,10,Most Loyal Customer
823,1,20,4760,4,1,1,411,6,Potential Loyalists Customers
824,1,145,34920,4,3,3,433,10,Most Loyal Customer
825,1,115,27590,4,3,3,433,10,Most Loyal Customer
826,2,28,6720,3,1,1,311,5,Potential Loyalists Customers
827,1,104,25070,4,3,3,433,10,Most Loyal Customer
828,8,64,14700,2,2,2,222,6,Loyal Customers
829,1,106,25430,4,3,3,433,10,Most Loyal Customer
830,9,73,17140,1,3,3,133,7,Potential Loyalists Customers
831,41,25,6340,1,1,1,111,3,Lost Customers
832,1,267,62620,4,4,4,444,12,Most Loyal Customer
833,7,54,12750,2,2,2,222,6,Loyal Customers
834,1,102,24340,4,3,3,433,10,Most Loyal Customer
835,5,50,12770,2,2,2,222,6,Loyal Customers
836,10,46,11040,1,2,2,122,5,Attention Needed Customers
837,5,93,21930,2,3,3,233,8,Loyal Customers
838,15,57,14210,1,2,2,122,5,Attention Needed Customers
839,1,197,48110,4,4,4,444,12,Most Loyal Customer
840,21,31,7640,1,1,1,111,3,Lost Customers
841,1,27,6650,4,1,1,411,6,Potential Loyalists Customers
842,7,204,49260,2,4,4,244,10,Most Loyal Customer
843,2,81,19030,3,3,3,333,9,Most Loyal Customer
844,3,31,7210,3,1,1,311,5,Potential Loyalists Customers
845,1,405,96930,4,4,4,444,12,Most Loyal Customer
846,2,146,34600,3,3,3,333,9,Most Loyal Customer
847,1,150,35770,4,4,4,444,12,Most Loyal Customer
848,3,23,5480,3,1,1,311,5,Potential Loyalists Customers
849,2,51,12410,3,2,2,322,7,Loyal Customers
850,2,209,49160,3,4,4,344,11,Most Loyal Customer
851,9,49,11980,1,2,2,122,5,Attention Needed Customers
852,40,41,9930,1,2,2,122,5,Attention Needed Customers
853,1,217,50570,4,4,4,444,12,Most Loyal Customer
854,11,23,5500,1,1,1,111,3,Lost Customers
855,39,26,6460,1,1,1,111,3,Lost Customers
856,1,22,5530,4,1,1,411,6,Potential Loyalists Customers
857,7,21,4670,2,1,1,211,4,Lost Customers
858,5,39,9000,2,2,2,222,6,Loyal Customers
859,1,71,16980,4,3,3,433,10,Most Loyal Customer
860,1,43,10070,4,2,2,422,8,Loyal Customers
861,1,165,38490,4,4,4,444,12,Most Loyal Customer
862,1,107,25650,4,3,3,433,10,Most Loyal Customer
863,1,294,70040,4,4,4,444,12,Most Loyal Customer
864,1,66,16350,4,3,3,433,10,Most Loyal Customer
865,35,20,4950,1,1,1,111,3,Lost Customers
866,1,95,22330,4,3,3,433,10,Most Loyal Customer
867,4,208,50760,2,4,4,244,10,Most Loyal Customer
868,8,47,11590,2,2,2,222,6,Loyal Customers
869,1,269,63830,4,4,4,444,12,Most Loyal Customer
870,4,115,26670,2,3,3,233,8,Loyal Customers
871,1,71,16920,4,3,3,433,10,Most Loyal Customer
872,3,20,4430,3,1,1,311,5,Potential Loyalists Customers
873,56,34,8610,1,2,2,122,5,Attention Needed Customers
874,1,89,21250,4,3,3,433,10,Most Loyal Customer
875,32,21,5240,1,1,1,111,3,Lost Customers
876,5,81,19450,2,3,3,233,8,Loyal Customers
877,1,134,32170,4,3,3,433,10,Most Loyal Customer
878,3,29,7010,3,1,1,311,5,Potential Loyalists Customers
879,1,368,89150,4,4,4,444,12,Most Loyal Customer
880,1,259,62580,4,4,4,444,12,Most Loyal Customer
881,3,137,33350,3,3,3,333,9,Most Loyal Customer
882,1,268,65890,4,4,4,444,12,Most Loyal Customer
883,3,43,9920,3,2,2,322,7,Loyal Customers
884,2,102,25020,3,3,3,333,9,Most Loyal Customer
885,2,240,57310,3,4,4,344,11,Most Loyal Customer
886,3,171,40350,3,4,4,344,11,Most Loyal Customer
887,24,20,4830,1,1,1,111,3,Lost Customers
888,1,326,77380,4,4,4,444,12,Most Loyal Customer
889,1,119,28760,4,3,3,433,10,Most Loyal Customer
890,7,47,10940,2,2,2,222,6,Loyal Customers
891,1,226,54030,4,4,4,444,12,Most Loyal Customer
892,15,59,14250,1,2,2,122,5,Attention Needed Customers
893,1,245,58890,4,4,4,444,12,Most Loyal Customer
894,2,20,4540,3,1,1,311,5,Potential Loyalists Customers
895,1,362,85940,4,4,4,444,12,Most Loyal Customer
896,1,185,45050,4,4,4,444,12,Most Loyal Customer
897,50,30,7500,1,1,1,111,3,Lost Customers
898,7,135,32510,2,3,3,233,8,Loyal Customers
899,5,45,10590,2,2,2,222,6,Loyal Customers
900,1,124,29660,4,3,3,433,10,Most Loyal Customer
901,21,49,11850,1,2,2,122,5,Attention Needed Customers
902,1,136,32400,4,3,3,433,10,Most Loyal Customer
903,26,47,10640,1,2,2,122,5,Attention Needed Customers
904,16,40,9610,1,2,2,122,5,Attention Needed Customers
905,11,41,9510,1,2,2,122,5,Attention Needed Customers
906,1,147,35020,4,3,3,433,10,Most Loyal Customer
907,1,74,18460,4,3,3,433,10,Most Loyal Customer
908,11,26,6460,1,1,1,111,3,Lost Customers
909,9,60,13660,1,2,2,122,5,Attention Needed Customers
910,2,98,23870,3,3,3,333,9,Most Loyal Customer
911,2,53,12490,3,2,2,322,7,Loyal Customers
912,3,132,30790,3,3,3,333,9,Most Loyal Customer
913,41,23,5960,1,1,1,111,3,Lost Customers
914,31,26,6300,1,1,1,111,3,Lost Customers
915,1,317,76600,4,4,4,444,12,Most Loyal Customer
916,19,35,8020,1,2,2,122,5,Attention Needed Customers
917,1,103,23860,4,3,3,433,10,Most Loyal Customer
918,1,217,51790,4,4,4,444,12,Most Loyal Customer
919,1,26,5990,4,1,1,411,6,Potential Loyalists Customers
920,1,110,26250,4,3,3,433,10,Most Loyal Customer
921,3,127,29880,3,3,3,333,9,Most Loyal Customer
922,1,74,17170,4,3,3,433,10,Most Loyal Customer
923,1,82,19350,4,3,3,433,10,Most Loyal Customer
924,4,32,7570,2,1,1,211,4,Lost Customers
925,16,20,4420,1,1,1,111,3,Lost Customers
926,4,120,29120,2,3,3,233,8,Loyal Customers
927,6,32,7410,2,1,1,211,4,Lost Customers
928,5,49,11320,2,2,2,222,6,Loyal Customers
929,2,63,14880,3,2,2,322,7,Loyal Customers
930,1,61,13670,4,2,2,422,8,Loyal Customers
931,5,241,56760,2,4,4,244,10,Most Loyal Customer
932,1,184,45660,4,4,4,444,12,Most Loyal Customer
933,2,174,42050,3,4,4,344,11,Most Loyal Customer
934,12,39,9420,1,2,2,122,5,Attention Needed Customers
935,1,142,34040,4,3,3,433,10,Most Loyal Customer
936,3,40,9260,3,2,2,322,7,Loyal Customers
937,3,108,26520,3,3,3,333,9,Most Loyal Customer
938,6,49,11360,2,2,2,222,6,Loyal Customers
939,1,107,25380,4,3,3,433,10,Most Loyal Customer
940,32,22,5610,1,1,1,111,3,Lost Customers
941,3,79,18350,3,3,3,333,9,Most Loyal Customer
942,5,168,39760,2,4,4,244,10,Most Loyal Customer
